,IMG_ID,MARK
0,0e494b48-4e7b-11ea-ad25-001a7dda7113.jpg,Zqajy
1,0e585cb4-4e7b-11ea-bb26-001a7dda7113.jpg,Aef
2,0e6c892e-4e7b-11ea-a4b2-001a7dda7113.jpg,CRJkOL
3,0e78a330-4e7b-11ea-8322-001a7dda7113.jpg,WmDP
4,0e829b36-4e7b-11ea-a45d-001a7dda7113.jpg,NNBn
5,0ea4c5c0-4e7b-11ea-b050-001a7dda7113.jpg,SZacTub
6,0eb3d69e-4e7b-11ea-b653-001a7dda7113.jpg,uIM
7,0ebfb55e-4e7b-11ea-9286-001a7dda7113.jpg,TZO
8,0ed31cfe-4e7b-11ea-8cea-001a7dda7113.jpg,HyDOQa
9,0ee5d4dc-4e7b-11ea-b659-001a7dda7113.jpg,FdOms
10,0ef34dc6-4e7b-11ea-8e60-001a7dda7113.jpg,taLji
11,0f068e5e-4e7b-11ea-ae39-001a7dda7113.jpg,TMCYCBh
12,0f1ffda2-4e7b-11ea-9dd3-001a7dda7113.jpg,dFImQGS
13,0f2ada3a-4e7b-11ea-9e8e-001a7dda7113.jpg,DOXe
14,0f393c26-4e7b-11ea-b8a1-001a7dda7113.jpg,Iacjc
15,0f42d280-4e7b-11ea-aa2f-001a7dda7113.jpg,Anf
16,0f500fee-4e7b-11ea-ad7b-001a7dda7113.jpg,nuZr
17,0f601e2e-4e7b-11ea-9a6b-001a7dda7113.jpg,EyPSnyD
18,0f6c5ea2-4e7b-11ea-bb02-001a7dda7113.jpg,lLIG
19,0f820fd0-4e7b-11ea-af67-001a7dda7113.jpg,HQJ
20,0f9784e6-4e7b-11ea-a9cd-001a7dda7113.jpg,uWhuP
21,0fa73246-4e7b-11ea-9fd1-001a7dda7113.jpg,PJSPJfR
22,0fbe8ea8-4e7b-11ea-8ca8-001a7dda7113.jpg,pgZCKXP
23,0fc8c0dc-4e7b-11ea-90b3-001a7dda7113.jpg,kFiJu
24,0fd5147e-4e7b-11ea-8290-001a7dda7113.jpg,YaAO
25,0fde5cf6-4e7b-11ea-afb9-001a7dda7113.jpg,ibVg
26,0fea3bb4-4e7b-11ea-ac23-001a7dda7113.jpg,WYR
27,0ff4e2c8-4e7b-11ea-b3b4-001a7dda7113.jpg,INF
28,0fffc49a-4e7b-11ea-acda-001a7dda7113.jpg,PRBy
29,10127d12-4e7b-11ea-b913-001a7dda7113.jpg,nBVHLfO
30,101dbffa-4e7b-11ea-bad9-001a7dda7113.jpg,Mdu
31,1035435c-4e7b-11ea-a8e6-001a7dda7113.jpg,LNWOWY
32,10408642-4e7b-11ea-968d-001a7dda7113.jpg,VdL
33,1051df80-4e7b-11ea-8a24-001a7dda7113.jpg,VCVQFer
34,105b27f6-4e7b-11ea-9617-001a7dda7113.jpg,tDO
35,1064e54a-4e7b-11ea-ac06-001a7dda7113.jpg,tZk
36,107493e8-4e7b-11ea-9b4d-001a7dda7113.jpg,FYNHuP
37,10821f38-4e7b-11ea-a392-001a7dda7113.jpg,BgHhnD
38,1091a4f6-4e7b-11ea-aa55-001a7dda7113.jpg,hYJWiY
39,109ebb64-4e7b-11ea-a22c-001a7dda7113.jpg,PtWZ
40,10b936be-4e7b-11ea-b323-001a7dda7113.jpg,WWTKeWX
41,10c5635c-4e7b-11ea-8e4a-001a7dda7113.jpg,JNSVX
42,10d3ec34-4e7b-11ea-a2da-001a7dda7113.jpg,ynSDK
43,10e51e82-4e7b-11ea-8371-001a7dda7113.jpg,GNhWZ
44,10fa4646-4e7b-11ea-86eb-001a7dda7113.jpg,YfWKTYJ
45,1104ed62-4e7b-11ea-bb97-001a7dda7113.jpg,kZS
46,1110cc1c-4e7b-11ea-9019-001a7dda7113.jpg,UQXej
47,11200400-4e7b-11ea-bb27-001a7dda7113.jpg,YZFSabr
48,1130e854-4e7b-11ea-a0ef-001a7dda7113.jpg,fHMbJQQ
49,1142f1e4-4e7b-11ea-9597-001a7dda7113.jpg,DHgBpg
50,11523d82-4e7b-11ea-a12d-001a7dda7113.jpg,aaBVZ
51,11638380-4e7b-11ea-a0bf-001a7dda7113.jpg,jOLbaOd
52,11710ed4-4e7b-11ea-bccd-001a7dda7113.jpg,aEmC
53,1184897a-4e7b-11ea-88d7-001a7dda7113.jpg,bAMEWA
54,11904146-4e7b-11ea-8178-001a7dda7113.jpg,QaZ
55,119a7378-4e7b-11ea-9be0-001a7dda7113.jpg,SFHT
56,11a3ea9e-4e7b-11ea-9b79-001a7dda7113.jpg,KtL
57,11adeea6-4e7b-11ea-8896-001a7dda7113.jpg,PdRG
58,11b90a94-4e7b-11ea-9618-001a7dda7113.jpg,CIM
59,11cc8546-4e7b-11ea-aaa5-001a7dda7113.jpg,GRlBSXQ
60,11dc31fa-4e7b-11ea-a132-001a7dda7113.jpg,CCV
61,11e7d694-4e7b-11ea-80aa-001a7dda7113.jpg,OuSd
62,12016788-4e7b-11ea-9e62-001a7dda7113.jpg,XCQYJLa
63,1210ed5a-4e7b-11ea-9972-001a7dda7113.jpg,CXmrg
64,121db5d2-4e7b-11ea-af68-001a7dda7113.jpg,kOWTq
65,122db076-4e7b-11ea-b026-001a7dda7113.jpg,QCkUbQ
66,12391a50-4e7b-11ea-afeb-001a7dda7113.jpg,eSV
67,1244f910-4e7b-11ea-ab36-001a7dda7113.jpg,WiL
68,125728dc-4e7b-11ea-88e4-001a7dda7113.jpg,SqVy
69,126820fa-4e7b-11ea-bddf-001a7dda7113.jpg,QPL
70,128c8176-4e7b-11ea-acdd-001a7dda7113.jpg,KWSZK
71,12b031de-4e7b-11ea-9c7b-001a7dda7113.jpg,Widfuib
72,12cccda4-4e7b-11ea-82fa-001a7dda7113.jpg,hkPOWG
73,12e9b7c8-4e7b-11ea-964b-001a7dda7113.jpg,geYyQtW
74,1301c32c-4e7b-11ea-98e5-001a7dda7113.jpg,BWMQZ
75,1318e5f6-4e7b-11ea-bfc0-001a7dda7113.jpg,agSEK
76,13302e94-4e7b-11ea-9c3d-001a7dda7113.jpg,CDnKN
77,1346a140-4e7b-11ea-870d-001a7dda7113.jpg,jRSbFAB
78,13644e1e-4e7b-11ea-baea-001a7dda7113.jpg,IMqZgy
79,13920976-4e7b-11ea-b7bf-001a7dda7113.jpg,eDdJGer
80,13a98cdc-4e7b-11ea-b995-001a7dda7113.jpg,egiANH
81,13b93992-4e7b-11ea-86dc-001a7dda7113.jpg,JPPOX
82,13c9d006-4e7b-11ea-b18e-001a7dda7113.jpg,Mpiuu
83,13d89300-4e7b-11ea-ac14-001a7dda7113.jpg,Stgq
84,13f777fa-4e7b-11ea-9633-001a7dda7113.jpg,qXDBa
85,14074ba4-4e7b-11ea-a22b-001a7dda7113.jpg,iutN
86,141ee59e-4e7b-11ea-bfa2-001a7dda7113.jpg,tcdvKW
87,143065da-4e7b-11ea-b47f-001a7dda7113.jpg,ZZg
88,1441abf4-4e7b-11ea-82fc-001a7dda7113.jpg,qiujk
89,14587fba-4e7b-11ea-973e-001a7dda7113.jpg,iZSM
90,146cbd2e-4e7b-11ea-a0a7-001a7dda7113.jpg,IZAIBLS
91,147f758a-4e7b-11ea-a64b-001a7dda7113.jpg,XZgld
92,148e5f74-4e7b-11ea-adfc-001a7dda7113.jpg,HHk
93,14ab231e-4e7b-11ea-af23-001a7dda7113.jpg,ZZGQH
94,14c6fdfa-4e7b-11ea-a1db-001a7dda7113.jpg,mIWVW
95,14e9171e-4e7b-11ea-9dee-001a7dda7113.jpg,ptbaaW
96,14f5df9e-4e7b-11ea-ac5d-001a7dda7113.jpg,SBd
97,150d0142-4e7b-11ea-8598-001a7dda7113.jpg,MjaQSu
98,151cfbe6-4e7b-11ea-903e-001a7dda7113.jpg,mRK
99,1529767e-4e7b-11ea-8c21-001a7dda7113.jpg,KEe
